V1,V2,V3,V4,V5,V6,V7,V8,V9,V10,mTurkCode,Q6,Q9,Q1,Q2,Q4,Q5,Q11,Q10,LocationLatitude,LocationLongitude,LocationAccuracy,
ResponseID,ResponseSet,Name,ExternalDataReference,EmailAddress,IPAddress,Status,StartDate,EndDate,Finished,mTurkCode,"Thank you for taking part in this survey. In this survey, we will ask you a few questions about f...",You are serving as the prize administrator of a game of chance that is to be played by a class of...,Prize Package Set 1. You may award one of the two following packages to the 100 students:,Prize Package Set 1. You may award one of the two following packages to the 100 students:,Prize Package Set 2. You may award one of the two following packages to the 100 students:,Prize Package Set 2. You may award one of the two following packages to the 100 students:,"How are you feeling right now? Although we would like to know how you are feeling, please select...","Please let us know if you have comments about the survey (optional). Following which, click next...",LocationLatitude,LocationLongitude,LocationAccuracy,
R_6LK9q2iacSDL04x,Default Response Set,Anonymous,,,72.237.206.163,0,2016-05-16 10:22:46,2016-05-16 10:23:46,1,170103,1,1,,2,,2,3,,37.751007080078,-97.821998596191,-1,
R_egpaf31M5Ml5Txf,Default Response Set,Anonymous,,,208.95.137.180,0,2016-05-16 10:23:17,2016-05-16 10:24:16,1,73653,1,1,2,,1,,3,,41.214004516602,-86.426200866699,-1,
R_Cg0ODOPr548ehQB,Default Response Set,Anonymous,,,24.131.19.160,0,2016-05-16 10:23:02,2016-05-16 10:24:20,1,4700107,1,1,,2,1,,3,,40.443893432617,-79.956100463867,-1,
R_1mqhW7QPucuJGLM,Default Response Set,Anonymous,,,162.138.210.3,0,2016-05-16 10:23:02,2016-05-16 10:24:25,1,7871950,1,1,2,,1,,3,NO,38.908493041992,-77.017700195312,-1,
R_2aeiieeSD3MOn5z,Default Response Set,Anonymous,,,100.14.74.155,0,2016-05-16 10:23:32,2016-05-16 10:24:40,1,2648689,1,1,,2,2,,3,,39.989303588867,-75.611999511719,-1,
R_9ZIa7oNV5f6wSTb,Default Response Set,Anonymous,,,71.85.6.163,0,2016-05-16 10:23:51,2016-05-16 10:25:25,1,6192974,1,1,,2,2,,3,Good,34.766403198242,-82.220199584961,-1,
R_3fHGWvLf68NUexV,Default Response Set,Anonymous,,,24.59.224.194,0,2016-05-16 10:24:59,2016-05-16 10:27:03,1,4014238,1,1,,2,,1,3,,42.96240234375,-75.960296630859,-1,
R_3COCVCX4n0czHto,Default Response Set,Anonymous,,,67.210.183.32,0,2016-05-16 10:25:37,2016-05-16 10:29:11,1,8638209,1,1,,2,1,,3,Great Survey!,34.579803466797,-98.487998962402,-1,
R_2rAOB5elABpsJou,Default Response Set,Anonymous,,,95.241.49.212,0,2016-05-16 10:26:33,2016-05-16 10:30:21,1,9649757,1,1,,1,1,,3,,42.619598388672,12.697601318359,-1,
R_BV2iWSqZQDnJaet,Default Response Set,Anonymous,,,71.90.170.130,0,2016-05-16 10:29:40,2016-05-16 10:31:10,1,3341502,1,1,2,,,2,3,,32.779205322266,-97.519500732422,-1,
R_2YDMsBZxi84Be0R,Default Response Set,Anonymous,,,100.3.57.142,0,2016-05-16 10:30:30,2016-05-16 10:31:22,1,8487282,1,1,2,,1,,3,,28.152099609375,-82.523002624512,-1,
R_2SIhyzAAQ6RqLYm,Default Response Set,Anonymous,,,73.199.237.169,0,2016-05-16 10:26:22,2016-05-16 10:31:37,1,6497260,1,1,1,,1,,3,Thank you! :D Have a wonderful day!,39.386993408203,-74.621696472168,-1,
R_2V7PffOQ9o8vyuX,Default Response Set,Anonymous,,,50.200.189.86,0,2016-05-16 10:30:18,2016-05-16 10:32:12,1,4666551,1,1,,2,1,,3,none. thank you.,42.015197753906,-87.990097045898,-1,
R_2e9Z4GMN27LuKZo,Default Response Set,Anonymous,,,100.37.167.171,0,2016-05-16 10:32:36,2016-05-16 10:33:21,1,9804652,1,1,1,,2,,3,,40.565994262695,-74.125801086426,-1,
R_3M5OcJu5Clhwzvw,Default Response Set,Anonymous,,,97.101.7.34,0,2016-05-16 10:30:59,2016-05-16 10:33:26,1,9582216,1,1,,2,2,,3,,29.570602416992,-81.217498779297,-1,
R_ZEtYgb1r4Qa1kPf,Default Response Set,Anonymous,,,66.194.104.5,0,2016-05-16 10:29:39,2016-05-16 10:33:31,1,5151927,1,1,,1,1,,3,,27.983901977539,-82.718101501465,-1,
R_1rHqi40KeMdTSBv,Default Response Set,Anonymous,,,98.70.57.149,0,2016-05-16 10:32:37,2016-05-16 10:33:34,1,2831719,1,1,,2,,1,3,,29.676605224609,-82.385498046875,-1,
R_26lLT8drt0tJ2OE,Default Response Set,Anonymous,,,73.52.29.61,0,2016-05-16 10:33:32,2016-05-16 10:33:51,1,5687583,1,1,1,,2,,3,,41.398803710938,-76.792198181152,-1,
R_1i86wX1zGwGhpqw,Default Response Set,Anonymous,,,98.231.225.246,0,2016-05-16 10:32:29,2016-05-16 10:33:58,1,4469755,1,1,1,,,2,3,,39.257507324219,-76.495101928711,-1,
R_1DSSAcs92gQJpha,Default Response Set,Anonymous,,,73.224.73.231,0,2016-05-16 10:31:28,2016-05-16 10:33:58,1,6091126,1,1,,2,,2,3,,30.167205810547,-81.771499633789,-1,
R_25sB5bJMCVbGjgB,Default Response Set,Anonymous,,,72.241.148.101,0,2016-05-16 10:31:09,2016-05-16 10:34:44,1,6679734,1,1,2,,,2,3,,41.794006347656,-83.587898254395,-1,
R_W2vkMhr6cuMaZa1,Default Response Set,Anonymous,,,67.43.97.24,0,2016-05-16 10:32:26,2016-05-16 10:35:00,1,5583104,1,1,2,,1,,3,,40.283706665039,-79.382102966309,-1,
R_1gcIwCz2EevBsXm,Default Response Set,Anonymous,,,12.218.182.74,0,2016-05-16 10:32:18,2016-05-16 10:35:05,1,1206642,1,1,2,,,2,3,,25.558395385742,-80.458198547363,-1,
R_8J4on4Z2XcllCjT,Default Response Set,Anonymous,,,24.104.64.110,0,2016-05-16 10:34:19,2016-05-16 10:35:08,1,3419927,1,1,1,,1,,3,,42.065505981445,-72.627098083496,-1,
R_22V6L51g1EYJ4cT,Default Response Set,Anonymous,,,173.10.91.177,0,2016-05-16 10:22:47,2016-05-16 10:35:20,1,758112,1,1,,2,2,,3,None,47.901504516602,-122.18440246582,-1,
R_2VgqXYGtJrbwnED,Default Response Set,Anonymous,,,24.213.116.145,0,2016-05-16 10:33:56,2016-05-16 10:35:54,1,8152329,1,1,,2,1,,3,Good luck!,34.73649597168,-82.796699523926,-1,
R_prXguEI9TwGZrVv,Default Response Set,Anonymous,,,71.226.54.205,0,2016-05-16 10:33:51,2016-05-16 10:35:57,1,9705433,1,1,,2,2,,2,,32.311798095703,-110.92590332031,-1,
R_12tEtGF1KNvL5ZG,Default Response Set,Anonymous,,,64.73.236.211,0,2016-05-16 10:34:24,2016-05-16 10:36:00,1,5504022,1,1,1,,1,,3,,33.195907592773,-117.37950134277,-1,
R_bmhcwmgYW15kr89,Default Response Set,Anonymous,,,75.110.154.196,0,2016-05-16 10:34:56,2016-05-16 10:36:31,1,1039540,1,1,2,,,2,2,,35.142700195312,-77.16300201416,-1,
R_1DCqqFOPEJaww4p,Default Response Set,Anonymous,,,74.8.119.71,0,2016-05-16 10:35:10,2016-05-16 10:36:33,1,1095955,1,1,2,,,2,3,,42.345092773438,-71.099296569824,-1,
R_1LNVPRX6AB1EcSO,Default Response Set,Anonymous,,,66.38.94.166,0,2016-05-16 10:35:09,2016-05-16 10:36:34,1,9449313,1,1,2,,,2,3,,37.969696044922,-86.151901245117,-1,
R_2wiZFdH2pAcLVVl,Default Response Set,Anonymous,,,205.153.204.1,0,2016-05-16 10:35:47,2016-05-16 10:36:46,1,8799819,1,1,1,,1,,3,,42.444000244141,-122.1741027832,-1,
R_2f9vmjRvkLagRaq,Default Response Set,Anonymous,,,70.59.76.93,0,2016-05-16 10:34:40,2016-05-16 10:36:53,1,2444629,1,1,2,,,2,3,,44.972900390625,-93.287300109863,-1,
R_3s6TEqFifkviBAK,Default Response Set,Anonymous,,,24.140.12.125,0,2016-05-16 10:36:34,2016-05-16 10:36:57,1,449242,1,1,,1,2,,2,Ty,40.818206787109,-81.491798400879,-1,
R_1pPYFOhWIZ9a4Po,Default Response Set,Anonymous,,,166.173.248.183,0,2016-05-16 10:35:30,2016-05-16 10:37:25,1,9876711,1,1,1,,2,,3,,33.748992919922,-84.388000488281,-1,
R_12GwcUvm4PkQ0JS,Default Response Set,Anonymous,,,108.52.24.2,0,2016-05-16 10:36:41,2016-05-16 10:37:26,1,6314823,1,1,,2,,1,3,,39.97590637207,-75.364601135254,-1,
R_PMchjonUIMWCl2h,Default Response Set,Anonymous,,,67.80.229.46,0,2016-05-16 10:31:46,2016-05-16 10:38:31,1,8815482,1,1,,1,1,,3,Nope,40.644897460938,-73.958297729492,-1,
R_3Rf8k6qKsHZxezx,Default Response Set,Anonymous,,,71.237.224.224,0,2016-05-16 10:36:43,2016-05-16 10:38:41,1,738655,1,1,,2,,1,3,,45.355194091797,-122.86149597168,-1,
R_28G8rvLgHB0afmc,Default Response Set,Anonymous,,,73.238.228.62,0,2016-05-16 10:36:48,2016-05-16 10:38:50,1,9574518,1,1,2,,1,,3,,43.187103271484,-70.910003662109,-1,
R_XYUE53VALL9LXe9,Default Response Set,Anonymous,,,72.185.235.232,0,2016-05-16 10:38:24,2016-05-16 10:38:59,1,3372503,1,1,,1,2,,3,ty,27.789703369141,-82.728302001953,-1,
R_cHm34QCqYj6FXb3,Default Response Set,Anonymous,,,50.170.93.48,0,2016-05-16 10:37:03,2016-05-16 10:39:07,1,1100602,1,1,2,,,2,3,,47.101501464844,-122.32720184326,-1,
R_C4wQb3Wopxo0rdv,Default Response Set,Anonymous,,,64.60.85.178,0,2016-05-16 10:37:29,2016-05-16 10:39:13,1,621512,1,1,1,,1,,3,No comments! ,33.916397094727,-118.40409851074,-1,
R_1lcPKIRuY3eWSMa,Default Response Set,Anonymous,,,164.58.172.153,0,2016-05-16 10:39:12,2016-05-16 10:39:25,1,7453334,1,1,,1,1,,2,,35.542297363281,-97.618896484375,-1,
R_2t6kldteG1hKAWa,Default Response Set,Anonymous,,,64.132.115.131,0,2016-05-16 10:38:17,2016-05-16 10:39:36,1,4589821,1,1,2,,1,,3,,35.084396362305,-89.810401916504,-1,
R_2AMEAA49dgx5BIJ,Default Response Set,Anonymous,,,207.32.248.19,0,2016-05-16 10:38:40,2016-05-16 10:40:10,1,8874286,1,1,,2,,2,3,,41.719497680664,-86.206398010254,-1,
R_3s51osZjmmkjgiO,Default Response Set,Anonymous,,,173.24.16.40,0,2016-05-16 10:38:29,2016-05-16 10:40:36,1,2877190,1,1,,2,2,,3,Thanks!,41.56640625,-93.740501403809,-1,
R_wSskREehe0wAyNb,Default Response Set,Anonymous,,,68.202.116.37,0,2016-05-16 10:39:49,2016-05-16 10:40:57,1,7442189,1,1,,2,,2,3,,29.253601074219,-82.287803649902,-1,
R_3P6vq6y8WNIHOSi,Default Response Set,Anonymous,,,71.14.39.162,0,2016-05-16 10:39:50,2016-05-16 10:41:08,1,4629774,1,1,1,,,2,3,,32.352493286133,-84.84700012207,-1,
R_Wcgap5CoK07OCT7,Default Response Set,Anonymous,,,184.188.99.143,0,2016-05-16 10:38:42,2016-05-16 10:41:25,1,1011000,1,1,,2,1,,3,,29.927093505859,-90.097297668457,-1,
R_9RC2tjskEaq8lZn,Default Response Set,Anonymous,,,72.175.125.199,0,2016-05-16 10:40:11,2016-05-16 10:41:52,1,5338110,1,1,2,,1,,3,none,38.477905273438,-105.45559692383,-1,
R_0OIUNdobv1bvgtP,Default Response Set,Anonymous,,,70.193.51.236,0,2016-05-16 10:40:44,2016-05-16 10:42:50,1,3003346,1,1,,2,,2,3,None,35.419799804688,-80.674797058105,-1,
R_W0DPM4bIKkd8lH3,Default Response Set,Anonymous,,,131.228.197.46,0,2016-05-16 10:40:36,2016-05-16 10:43:07,1,8778506,1,1,,2,,1,3,,37.751007080078,-97.821998596191,-1,
R_2R7CJfrpYkVIfpb,Default Response Set,Anonymous,,,50.46.217.118,0,2016-05-16 10:38:53,2016-05-16 10:43:16,1,890275,1,1,,2,,2,3,,47.720504760742,-122.20669555664,-1,
R_Td7qA48YQk6H3Il,Default Response Set,Anonymous,,,174.24.5.88,0,2016-05-16 10:40:18,2016-05-16 10:43:17,1,4323369,1,1,,2,,2,3,,38.914199829102,-104.77490234375,-1,
R_z25oR9WMV4klijn,Default Response Set,Anonymous,,,63.243.37.162,0,2016-05-16 10:43:31,2016-05-16 10:44:14,1,2005205,1,1,,2,1,,3,,28.618499755859,-81.433601379395,-1,
R_QnekISjA4j11OIV,Default Response Set,Anonymous,,,71.70.246.201,0,2016-05-16 10:43:56,2016-05-16 10:45:00,1,1696446,1,1,,2,1,,2,,35.750900268555,-78.778900146484,-1,
R_2tar6xYzdLhJjZs,Default Response Set,Anonymous,,,69.47.241.212,0,2016-05-16 10:44:43,2016-05-16 10:45:09,1,7791309,1,1,,1,1,,3,,41.693496704102,-87.614501953125,-1,
R_zeVsEQjtR7xsRqx,Default Response Set,Anonymous,,,97.125.190.72,0,2016-05-16 10:45:06,2016-05-16 10:45:35,1,4395861,1,1,,2,,1,3,,41.60139465332,-93.682899475098,-1,
R_3mHEabzFHHytKuZ,Default Response Set,Anonymous,,,209.2.60.95,0,2016-05-16 10:48:01,2016-05-16 10:48:26,1,1399231,1,1,1,,,2,1,none at all,40.644897460938,-73.958297729492,-1,
R_sA696ZsxWxg0pNL,Default Response Set,Anonymous,,,107.222.88.125,0,2016-05-16 10:47:32,2016-05-16 10:48:27,1,535269,1,1,2,,,2,3,,38.396499633789,-90.426300048828,-1,
R_1BPHBmI6JMmQEHN,Default Response Set,Anonymous,,,73.192.27.97,0,2016-05-16 10:48:56,2016-05-16 10:50:00,1,8548064,1,1,,2,,1,3,,30.353302001953,-81.499000549316,-1,
R_vpqomQqTp5XGimR,Default Response Set,Anonymous,,,64.134.176.248,0,2016-05-16 10:49:13,2016-05-16 10:50:48,1,1944970,1,1,2,,,2,3,,37.751007080078,-97.821998596191,-1,
R_Dq8D30CR4O0bGIp,Default Response Set,Anonymous,,,70.189.41.122,0,2016-05-16 10:50:03,2016-05-16 10:51:30,1,6867105,1,1,2,,2,,3,,30.160507202148,-92.033203125,-1,
R_zec0IvvQiC5xyQF,Default Response Set,Anonymous,,,68.104.178.218,0,2016-05-16 10:49:09,2016-05-16 10:51:31,1,8346746,1,1,,1,2,,3,,32.217300415039,-110.7553024292,-1,
R_vviQceeK3tDkxbP,Default Response Set,Anonymous,,,68.9.67.16,0,2016-05-16 10:44:00,2016-05-16 10:51:50,1,8843445,1,1,1,,,2,3,,41.700103759766,-71.416198730469,-1,
R_2uPBJd4F1hXDh6w,Default Response Set,Anonymous,,,108.9.12.202,0,2016-05-16 10:50:05,2016-05-16 10:52:00,1,3576581,1,1,2,,2,,3,,27.237899780273,-82.356002807617,-1,
R_1E0x16efIUWoL3X,Default Response Set,Anonymous,,,66.56.180.226,0,2016-05-16 10:51:34,2016-05-16 10:52:09,1,4920168,1,1,,2,,2,3,,34.000701904297,-81.034797668457,-1,
R_3rTyQvT8xF1rNDN,Default Response Set,Anonymous,,,174.134.100.37,0,2016-05-16 10:51:33,2016-05-16 10:52:16,1,5504126,1,1,,1,,1,3,,35.204406738281,-118.86479949951,-1,
R_ypVImRobcBvqVa1,Default Response Set,Anonymous,,,128.194.176.66,0,2016-05-16 10:51:24,2016-05-16 10:52:22,1,9096970,1,1,2,,2,,3,,30.658294677734,-96.323799133301,-1,
R_1FqQqW4AfCLhmJF,Default Response Set,Anonymous,,,73.35.236.136,0,2016-05-16 10:51:37,2016-05-16 10:52:34,1,574583,1,1,1,,,2,2,,47.101501464844,-122.32720184326,-1,
R_3Pi65g5jI68KoFt,Default Response Set,Anonymous,,,75.133.194.133,0,2016-05-16 10:51:44,2016-05-16 10:52:35,1,7518349,1,1,,2,,2,3,none,42.292404174805,-85.690803527832,-1,
R_1nPZWG29poM256I,Default Response Set,Anonymous,,,50.166.50.81,0,2016-05-16 10:51:33,2016-05-16 10:52:41,1,4774406,1,1,2,,,2,3,,40.866897583008,-74.821998596191,-1,
R_1MWesJtANBl1J6P,Default Response Set,Anonymous,,,98.194.228.209,0,2016-05-16 10:51:42,2016-05-16 10:52:51,1,8251682,1,1,2,,,1,3,,29.514205932617,-95.190299987793,-1,
R_2346f98suCeUtHO,Default Response Set,Anonymous,,,198.15.0.73,0,2016-05-16 10:51:42,2016-05-16 10:52:52,1,7084550,1,1,,1,,2,3,,44.686401367188,-122.7666015625,-1,
R_SMOJBFSH3mYFJaV,Default Response Set,Anonymous,,,184.90.151.212,0,2016-05-16 10:52:06,2016-05-16 10:53:00,1,4745325,1,1,,1,2,,3,,28.758895874023,-81.317802429199,-1,
R_12DV0lhdLhQ6rBc,Default Response Set,Anonymous,,,24.88.83.53,0,2016-05-16 10:51:50,2016-05-16 10:53:05,1,146269,1,1,,2,1,,3,,33.985992431641,-80.997200012207,-1,
R_3OfCqmxLtBjJ5Pe,Default Response Set,Anonymous,,,74.70.75.21,0,2016-05-16 10:51:35,2016-05-16 10:53:07,1,4385726,1,1,2,,,2,3,,42.628402709961,-73.528900146484,-1,
R_1r2oYOUajYrRdVG,Default Response Set,Anonymous,,,73.31.67.50,0,2016-05-16 10:51:39,2016-05-16 10:53:08,1,2767898,1,1,,2,,1,3,N/A,37.619201660156,-77.496002197266,-1,
R_1FJUF4udiA0DFX5,Default Response Set,Anonymous,,,24.115.28.115,0,2016-05-16 10:51:36,2016-05-16 10:53:17,1,6875622,1,1,1,,,1,3,,41.10710144043,-76.815299987793,-1,
R_1l4rYrKV7TsrTkK,Default Response Set,Anonymous,,,38.100.225.82,0,2016-05-16 10:51:54,2016-05-16 10:53:21,1,258087,1,1,,2,2,,3,,47.715698242188,-122.30099487305,-1,
R_2U405gnkw8ihVVi,Default Response Set,Anonymous,,,75.174.6.153,0,2016-05-16 10:51:38,2016-05-16 10:53:22,1,9379047,1,1,1,,1,,3,,43.681793212891,-116.73860168457,-1,
R_yIpu0VD89BicVkR,Default Response Set,Anonymous,,,73.72.139.173,0,2016-05-16 10:51:34,2016-05-16 10:53:22,1,208612,1,1,2,,1,,3,,42.234298706055,-88.306800842285,-1,
R_b1MqVD1WGFESdJ7,Default Response Set,Anonymous,,,69.54.63.165,0,2016-05-16 10:51:31,2016-05-16 10:53:23,1,9461253,1,1,2,,,2,3,,41.487503051758,-81.672401428223,-1,
R_3DwDM9dGvCymn0R,Default Response Set,Anonymous,,,72.47.176.70,0,2016-05-16 10:51:46,2016-05-16 10:53:31,1,8539053,1,1,,2,,2,3,,37.505996704102,-118.31140136719,-1,
R_3kj4i3CcsjfTsRR,Default Response Set,Anonymous,,,24.253.82.163,0,2016-05-16 10:51:48,2016-05-16 10:53:36,1,9996705,1,1,2,,,1,3,n/a,36.178802490234,-115.04959869385,-1,
R_1rw7snq99ehP89y,Default Response Set,Anonymous,,,168.244.5.54,0,2016-05-16 10:51:39,2016-05-16 10:53:37,1,7769650,1,1,,2,,1,3,,35.589004516602,-80.767997741699,-1,
R_1FmpvMnaiHKNCSn,Default Response Set,Anonymous,,,192.180.24.58,0,2016-05-16 10:52:29,2016-05-16 10:53:43,1,3762936,1,1,,2,,1,3,ez pz thx,39.065704345703,-84.528999328613,-1,
R_3KwNdRVTSnqpWDi,Default Response Set,Anonymous,,,184.5.108.25,0,2016-05-16 10:51:51,2016-05-16 10:53:45,1,2748992,1,1,,2,,1,3,,31.866394042969,-95.650703430176,-1,
R_2w4Sl9DXQOLSZqf,Default Response Set,Anonymous,,,69.253.158.137,0,2016-05-16 10:51:18,2016-05-16 10:53:48,1,6104251,1,1,1,,,2,3,,40.068405151367,-75.006500244141,-1,
R_2ZNZTL704wXg2wO,Default Response Set,Anonymous,,,64.130.130.121,0,2016-05-16 10:51:37,2016-05-16 10:53:50,1,3374044,1,1,2,,2,,3,,36.937606811523,-85.946296691895,-1,
R_3qX3TJdyMFAVYs1,Default Response Set,Anonymous,,,65.28.239.115,0,2016-05-16 10:51:58,2016-05-16 10:53:54,1,9831461,1,1,,2,,2,3,,39.597503662109,-84.15599822998,-1,
R_3dTiwkPYraj4nNL,Default Response Set,Anonymous,,,65.210.59.2,0,2016-05-16 10:52:03,2016-05-16 10:53:54,1,1500870,1,1,,2,,1,3,,38.838104248047,-77.212097167969,-1,
R_1BX9ztxORJomvIy,Default Response Set,Anonymous,,,108.73.31.132,0,2016-05-16 10:52:04,2016-05-16 10:53:57,1,9576676,1,1,,2,2,,3,"98 + 7 = 105, not 100.",37.668304443359,-97.277297973633,-1,
R_3Hoars7QZuLrwsF,Default Response Set,Anonymous,,,198.71.117.158,0,2016-05-16 10:51:36,2016-05-16 10:54:00,1,8004232,1,1,,2,,1,3,,32.703796386719,-109.65579986572,-1,
R_eIPp1OKmJVsXJPX,Default Response Set,Anonymous,,,98.189.25.180,0,2016-05-16 10:52:43,2016-05-16 10:54:01,1,1980354,1,1,1,,1,,3,,33.645095825195,-117.67860412598,-1,
R_2dfPdYuJh3scSRD,Default Response Set,Anonymous,,,50.196.37.1,0,2016-05-16 10:51:47,2016-05-16 10:54:04,1,4958278,1,1,,2,1,,3,No comments,39.996398925781,-75.1708984375,-1,
R_2ux6iIJxdbVT6jD,Default Response Set,Anonymous,,,198.8.80.177,0,2016-05-16 10:52:12,2016-05-16 10:54:06,1,8196112,1,1,,1,1,,3,,34.043792724609,-118.25120544434,-1,
R_2ipFB1SlwMeLcOt,Default Response Set,Anonymous,,,170.167.192.19,0,2016-05-16 10:52:24,2016-05-16 10:54:06,1,720726,1,1,2,,1,,2,,47.50129699707,-122.00650024414,-1,
R_3GeWFE4E1DQPG8D,Default Response Set,Anonymous,,,107.77.221.124,0,2016-05-16 10:53:10,2016-05-16 10:54:10,1,6414771,1,1,1,,,1,3,Thanks,29.752304077148,-95.366996765137,-1,
R_1QKnoQZKyufSnRO,Default Response Set,Anonymous,,,138.86.100.162,0,2016-05-16 10:53:18,2016-05-16 10:54:13,1,8452106,1,1,,2,1,,3,,40.399307250977,-104.70169830322,-1,
R_1Q5Bg9fcJMC5A5K,Default Response Set,Anonymous,,,70.40.45.148,0,2016-05-16 10:52:53,2016-05-16 10:54:14,1,6368454,1,1,1,,,2,3,,47.151306152344,-96.485496520996,-1,
R_3IR9SPwd0s3i14z,Default Response Set,Anonymous,,,50.188.144.66,0,2016-05-16 10:53:12,2016-05-16 10:54:15,1,7267375,1,1,,2,,2,3,no,44.63639831543,-123.00650024414,-1,
R_3CUvRERhO0Q0XY2,Default Response Set,Anonymous,,,74.131.140.160,0,2016-05-16 10:51:37,2016-05-16 10:54:18,1,9665909,1,1,,2,2,,3,,38.142196655273,-85.622001647949,-1,
R_Azlvds9kqfSQTBv,Default Response Set,Anonymous,,,108.49.26.122,0,2016-05-16 10:53:01,2016-05-16 10:54:18,1,7461516,1,1,,2,1,,3,,42.485305786133,-71.441802978516,-1,
R_2pQdJJtqpXt2ZuV,Default Response Set,Anonymous,,,75.136.160.128,0,2016-05-16 10:53:26,2016-05-16 10:54:24,1,4841102,1,1,1,,,2,3,,35.871307373047,-84.983497619629,-1,
R_31SKnuJjRW0otAd,Default Response Set,Anonymous,,,173.58.253.223,0,2016-05-16 10:51:57,2016-05-16 10:54:29,1,3243687,1,1,,2,,1,3,,34.145401000977,-117.85139465332,-1,
R_2S31vAsyU7zhdgk,Default Response Set,Anonymous,,,75.81.206.184,0,2016-05-16 10:52:51,2016-05-16 10:54:34,1,8105874,1,1,1,,2,,3,,37.766204833984,-87.259101867676,-1,
R_22DPiEGmgPqArht,Default Response Set,Anonymous,,,75.17.231.36,0,2016-05-16 10:52:17,2016-05-16 10:54:35,1,3817479,1,1,2,,1,,3,The second choice said 7 students receive a prize while 98 do not. Or at least i believe.,32.767303466797,-96.624702453613,-1,
R_1PUwR3kCMsUd5cX,Default Response Set,Anonymous,,,72.239.198.240,0,2016-05-16 10:52:53,2016-05-16 10:54:39,1,2515658,1,1,,2,1,,3,,29.109893798828,-80.972999572754,-1,
R_3Rfuu9IlGpUp6pq,Default Response Set,Anonymous,,,24.22.58.25,0,2016-05-16 10:52:07,2016-05-16 10:54:44,1,3978526,1,1,,2,2,,3,,45.630004882812,-122.51989746094,-1,
R_XhnjfrbCyemVGX7,Default Response Set,Anonymous,,,69.248.217.239,0,2016-05-16 10:53:57,2016-05-16 10:54:52,1,6758393,1,1,,2,2,,3,,39.386993408203,-74.621696472168,-1,
R_22Jm9nzBw5Gjcg1,Default Response Set,Anonymous,,,162.217.213.186,0,2016-05-16 10:52:32,2016-05-16 10:54:59,1,9606338,1,1,2,,,2,3,Thanks!,36.552200317383,-86.527198791504,-1,
R_2PtXVlQiOhMtU1F,Default Response Set,Anonymous,,,71.68.89.146,0,2016-05-16 10:51:37,2016-05-16 10:55:00,1,7081624,1,1,,2,,2,3,,35.111999511719,-80.761703491211,-1,
R_2Qgo2H24qaWdcER,Default Response Set,Anonymous,,,69.1.50.26,0,2016-05-16 10:53:23,2016-05-16 10:55:01,1,4579247,1,1,,2,,2,3,,35.981704711914,-84.128997802734,-1,
R_aW8oETSsXfiXAfr,Default Response Set,Anonymous,,,216.52.117.102,0,2016-05-16 10:54:08,2016-05-16 10:55:04,1,759731,1,1,2,,1,,3,,37.270004272461,-79.941101074219,-1,
R_2alFxUlgfFRai28,Default Response Set,Anonymous,,,75.41.110.48,0,2016-05-16 10:53:34,2016-05-16 10:55:09,1,2594061,1,1,2,,1,,3,,42.334396362305,-83.275199890137,-1,
R_3Du5pZKloc7UaiU,Default Response Set,Anonymous,,,50.188.144.66,8,2016-05-16 10:54:28,2016-05-16 10:55:09,1,5846246,1,1,,2,,2,3,no,44.63639831543,-123.00650024414,-1,
R_1mVDlELQsFzx4Yv,Default Response Set,Anonymous,,,69.249.214.33,0,2016-05-16 10:52:44,2016-05-16 10:55:12,1,1413353,1,1,,2,2,,3,interesting,40.032592773438,-75.115798950195,-1,
R_2UYiNB7RIGmgrnR,Default Response Set,Anonymous,,,68.192.194.156,0,2016-05-16 10:53:24,2016-05-16 10:55:12,1,4214691,1,1,,2,1,,3,,40.815200805664,-73.362396240234,-1,
R_2DNP1lbinoQQLgC,Default Response Set,Anonymous,,,71.195.168.200,0,2016-05-16 10:50:59,2016-05-16 10:55:13,1,9363983,1,1,,2,,2,3,none,36.792404174805,-119.76039886475,-1,
R_1KlgRi7bs6JEN7y,Default Response Set,Anonymous,,,173.53.11.155,0,2016-05-16 10:54:21,2016-05-16 10:55:36,1,9226263,1,1,,2,2,,3,,37.444900512695,-77.298301696777,-1,
R_3pmB0if8huG70iE,Default Response Set,Anonymous,,,98.170.233.116,0,2016-05-16 10:53:50,2016-05-16 10:55:38,1,2110930,1,1,2,,,2,3,,30.514297485352,-86.462997436523,-1,
R_1i87B9hT3aEOp0F,Default Response Set,Anonymous,,,107.170.37.31,0,2016-05-16 10:54:15,2016-05-16 10:55:40,1,7204981,1,1,,2,2,,1,no comments,40.714294433594,-74.005996704102,-1,
R_2xRVXfnPlW4SuD7,Default Response Set,Anonymous,,,24.142.74.227,0,2016-05-16 10:51:44,2016-05-16 10:55:41,1,4651586,1,1,,2,2,,3,"I think it best that every child receives equal amounts. Unless there was a competition and some children performed better than others, it doesn't make sense not to distribute fairly.",32.618804931641,-93.885200500488,-1,
R_1Ii7BMqWeYydpmS,Default Response Set,Anonymous,,,108.95.106.121,0,2016-05-16 10:53:05,2016-05-16 10:55:44,1,106921,1,1,,2,2,,3,,25.705200195312,-80.463302612305,-1,
R_11buDNQNPnr4ADn,Default Response Set,Anonymous,,,128.193.154.203,0,2016-05-16 10:54:54,2016-05-16 10:55:54,1,2429403,1,1,2,,,2,3,,44.564605712891,-123.2620010376,-1,
R_xhZIhXOC547yYhz,Default Response Set,Anonymous,,,98.95.32.239,0,2016-05-16 10:53:58,2016-05-16 10:55:54,1,2992669,1,1,,2,,2,3,,31.203201293945,-90.395599365234,-1,
R_sZpYuSzOvfnJEjL,Default Response Set,Anonymous,,,96.232.88.148,0,2016-05-16 10:51:27,2016-05-16 10:55:56,1,1390517,1,1,,2,,1,3,,41.125198364258,-73.791496276855,-1,
R_1JUyk305382oTAE,Default Response Set,Anonymous,,,75.146.236.78,0,2016-05-16 10:52:23,2016-05-16 10:56:16,1,5679322,1,1,2,,1,,3,,40.188293457031,-75.150199890137,-1,
R_1dNCnTCXK162wGJ,Default Response Set,Anonymous,,,98.19.73.134,0,2016-05-16 10:54:12,2016-05-16 10:56:41,1,5229171,1,1,,2,1,,3,none,38.207504272461,-83.398902893066,-1,
R_2fBB5HXd4Ke1SDv,Default Response Set,Anonymous,,,100.15.19.234,0,2016-05-16 10:55:22,2016-05-16 10:56:48,1,5264763,1,1,2,,1,,3,,38.625900268555,-76.977897644043,-1,
R_2TyJQEPaMGvhuWQ,Default Response Set,Anonymous,,,64.107.3.126,0,2016-05-16 10:53:39,2016-05-16 10:56:53,1,9684471,1,1,2,,,2,3,,41.849304199219,-87.67310333252,-1,
R_1IhK1RCPiHH4W55,Default Response Set,Anonymous,,,72.76.39.199,0,2016-05-16 10:55:47,2016-05-16 10:57:08,1,2727411,1,1,2,,,2,3,No comments.,40.896301269531,-74.151298522949,-1,
R_3EXB9hNa8lCbIsN,Default Response Set,Anonymous,,,108.23.22.28,0,2016-05-16 10:53:26,2016-05-16 10:57:10,1,5161177,1,1,,2,,1,3,"Please have a better attention check then asking for ""the third option from the top"" as this may confuse individuals. ",33.986892700195,-117.65550231934,-1,
R_3EiEuGMwhYS7z8N,Default Response Set,Anonymous,,,12.106.89.55,0,2016-05-16 10:54:16,2016-05-16 10:57:19,1,9436764,1,1,,2,2,,3,,30.600494384766,-81.528297424316,-1,
R_2rSLGP1JXGKj0pT,Default Response Set,Anonymous,,,65.88.88.156,0,2016-05-16 10:55:48,2016-05-16 10:57:20,1,4540172,1,1,,2,,1,3,,40.716796875,-73.986099243164,-1,
R_bjy5IWL7rD9RFCN,Default Response Set,Anonymous,,,70.170.125.68,0,2016-05-16 10:55:30,2016-05-16 10:57:20,1,6200087,1,1,,2,,2,3,,36.175003051758,-115.13719940186,-1,
R_0wAlUpn5yI6RU0V,Default Response Set,Anonymous,,,66.219.192.2,0,2016-05-16 10:54:58,2016-05-16 10:57:24,1,2934889,1,1,,2,1,,3,,40.7001953125,-111.94339752197,-1,
R_3jYumJYQuqZvANM,Default Response Set,Anonymous,,,74.115.76.77,0,2016-05-16 10:55:40,2016-05-16 10:57:44,1,7793101,1,1,,2,1,,3,,42.133407592773,-74.639602661133,-1,
R_T1MEpLxzZegwZm9,Default Response Set,Anonymous,,,192.203.137.242,0,2016-05-16 10:56:48,2016-05-16 10:57:47,1,7655477,1,1,,2,1,,3,n/a,41.866104125977,-88.058296203613,-1,
R_1Qchu1hjBfENDAv,Default Response Set,Anonymous,,,75.105.76.12,0,2016-05-16 10:55:05,2016-05-16 10:57:54,1,3254044,1,1,2,,1,,3,,30.450698852539,-91.154602050781,-1,
R_3egd9Q3g9P7cHIE,Default Response Set,Anonymous,,,71.13.66.20,0,2016-05-16 10:56:10,2016-05-16 10:58:00,1,794756,1,1,1,,2,,3,This was super hard to understand at the beginning.,45.34489440918,-84.915000915527,-1,
R_TjQlg7GnNcbnhjX,Default Response Set,Anonymous,,,162.195.226.150,0,2016-05-16 10:53:46,2016-05-16 10:58:04,1,9602493,1,1,1,,,1,3,,37.645401000977,-95.462997436523,-1,
R_vJtb1B4FL0LEpVL,Default Response Set,Anonymous,,,75.121.112.81,0,2016-05-16 10:54:45,2016-05-16 10:58:06,1,5237802,1,1,2,,,2,3,none,36.978393554688,-93.233200073242,-1,
R_2YLGvqHZaYFAkfn,Default Response Set,Anonymous,,,158.145.224.113,0,2016-05-16 10:57:00,2016-05-16 10:58:13,1,7011126,1,1,2,,,2,2,,61.177703857422,-149.6383972168,-1,
R_1nPLgRImfkQ6yY4,Default Response Set,Anonymous,,,76.18.18.42,0,2016-05-16 10:56:36,2016-05-16 10:58:14,1,9806978,1,1,2,,,2,3,None.,25.736297607422,-80.404403686523,-1,
R_1fmh4SaZyrvzCgG,Default Response Set,Anonymous,,,71.13.66.20,0,2016-05-16 10:58:11,2016-05-16 10:58:31,1,7289346,1,1,1,,1,,3,,45.34489440918,-84.915000915527,-1,
R_3n8Hn7W1wOunIr4,Default Response Set,Anonymous,,,74.77.38.141,0,2016-05-16 10:54:24,2016-05-16 10:58:33,1,8649650,1,1,2,,,2,3,Third option from the top is a strangely worded attention check,42.974197387695,-78.848098754883,-1,
R_3kAt6SBDMvv3eCJ,Default Response Set,Anonymous,,,207.224.177.28,0,2016-05-16 10:58:22,2016-05-16 10:58:46,1,5288156,1,1,1,,1,,3,,33.247894287109,-111.78949737549,-1,
R_SJiPOW5cJjwqI2l,Default Response Set,Anonymous,,,73.74.85.109,0,2016-05-16 10:57:19,2016-05-16 10:59:00,1,6942498,1,1,,2,,1,3,,41.878005981445,-88.016296386719,-1,
R_2uUvPrSdooP78y4,Default Response Set,Anonymous,,,112.211.201.187,0,2016-05-16 10:55:56,2016-05-16 10:59:22,1,3511810,1,1,,2,2,,2,The survey was very short and it was interesting. Thank you!,14.648803710938,121.05090332031,-1,
R_27xnQkipWHnbXKV,Default Response Set,Anonymous,,,50.111.3.212,0,2016-05-16 10:57:39,2016-05-16 10:59:48,1,6135146,1,1,,2,2,,3,none,35.183303833008,-83.430702209473,-1,
R_cFGSWMVxz2isMX7,Default Response Set,Anonymous,,,50.0.150.74,0,2016-05-16 10:58:22,2016-05-16 11:00:16,1,2151032,1,1,,2,,2,3,,37.419204711914,-122.05740356445,-1,
R_1DUdrfdCF8oHWaQ,Default Response Set,Anonymous,,,76.26.41.120,0,2016-05-16 10:59:20,2016-05-16 11:00:54,1,5686488,1,1,,2,1,,3,,26.069793701172,-80.222297668457,-1,
R_26nd9yUZSIjcRz8,Default Response Set,Anonymous,,,73.7.88.61,0,2016-05-16 10:59:09,2016-05-16 11:00:54,1,2467961,1,1,2,,,1,3,,33.882202148438,-84.378303527832,-1,
R_2TNpj8bN8m7uIRi,Default Response Set,Anonymous,,,152.26.196.32,0,2016-05-16 11:00:00,2016-05-16 11:00:56,1,8895923,1,1,2,,1,,3,,35.62190246582,-82.470901489258,-1,
R_SHQbUp2GGpQcDmx,Default Response Set,Anonymous,,,40.131.220.171,0,2016-05-16 10:56:43,2016-05-16 11:01:09,1,7775722,1,1,1,,2,,3,,28.553497314453,-81.300399780273,-1,
R_NVlZxO7gFWRlXbj,Default Response Set,Anonymous,,,184.35.9.62,0,2016-05-16 10:59:23,2016-05-16 11:02:31,1,4657040,1,1,1,,,1,3,,36.061706542969,-79.823402404785,-1,
R_OBSfmRJPvVzcbdf,Default Response Set,Anonymous,,,107.5.93.83,0,2016-05-16 11:01:48,2016-05-16 11:02:50,1,7455996,1,1,2,,,2,3,Fun idea.  Hope this is real when my son graduates in 2021.,42.690505981445,-83.054901123047,-1,
R_7NX1L8dnQFqwIUh,Default Response Set,Anonymous,,,72.224.97.17,0,2016-05-16 11:00:51,2016-05-16 11:03:19,1,8928397,1,1,1,,,2,3,,43.131301879883,-74.35710144043,-1,
R_3J3LNqaP673fG9W,Default Response Set,Anonymous,,,100.11.199.101,0,2016-05-16 11:02:08,2016-05-16 11:03:28,1,6539012,1,1,2,,2,,3,,40.019195556641,-75.09400177002,-1,
R_1DFHsSaJOJohbiN,Default Response Set,Anonymous,,,66.2.50.26,0,2016-05-16 11:01:02,2016-05-16 11:03:35,1,8861373,1,1,,2,,1,3,,37.515502929688,-121.89619445801,-1,
R_2qE0sRdl9F1RnjZ,Default Response Set,Anonymous,,,198.135.125.182,0,2016-05-16 11:01:34,2016-05-16 11:03:48,1,4225257,1,1,2,,,1,3,,41.850006103516,-87.650001525879,-1,
R_3fknf4fWeQjbBXh,Default Response Set,Anonymous,,,76.121.196.105,0,2016-05-16 11:00:35,2016-05-16 11:03:57,1,656647,1,1,,2,1,,3,I enjoyed doing this from you. Please let me know if I can do more of these from you? /  Thanks /  MK,47.101501464844,-122.32720184326,-1,
R_dnUl1Q1pyrSNc6R,Default Response Set,Anonymous,,,173.90.164.28,0,2016-05-16 11:02:22,2016-05-16 11:04:02,1,563945,1,1,,2,,1,3,,41.364898681641,-82.11499786377,-1,
R_1Cpvj2624o1jMBd,Default Response Set,Anonymous,,,24.110.60.39,0,2016-05-16 11:03:07,2016-05-16 11:04:18,1,4566100,1,1,2,,,2,3,,28.522506713867,-81.483497619629,-1,
R_1CBIfAjaDFG43oS,Default Response Set,Anonymous,,,104.231.229.5,0,2016-05-16 11:02:30,2016-05-16 11:04:42,1,2151420,1,1,2,,,2,3,,43.049102783203,-88.002601623535,-1,
R_1o28Znk4vll1dsF,Default Response Set,Anonymous,,,128.170.224.10,0,2016-05-16 10:57:21,2016-05-16 11:04:49,1,2033644,1,1,2,,,1,3,,32.778701782227,-96.821701049805,-1,
R_2c7vwyFFsQ47LPk,Default Response Set,Anonymous,,,66.212.65.6,0,2016-05-16 11:03:18,2016-05-16 11:05:07,1,8205415,1,1,,2,1,,3,Thank you!,47.635498046875,-122.32350158691,-1,
R_25u8bTvTCmNA0DJ,Default Response Set,Anonymous,,,76.122.212.110,0,2016-05-16 11:04:32,2016-05-16 11:05:51,1,5981133,1,1,1,,1,,3,,36.067901611328,-86.719398498535,-1,
R_1jps5RrXroseSOX,Default Response Set,Anonymous,,,73.14.39.123,0,2016-05-16 11:04:34,2016-05-16 11:06:35,1,6466706,1,1,,2,,2,3,,40.524002075195,-105.13960266113,-1,
R_3aswy3qxlgFy7NX,Default Response Set,Anonymous,,,143.214.99.138,0,2016-05-16 11:06:11,2016-05-16 11:06:50,1,1139795,1,1,,2,,2,1,Nope thanks!,31.527297973633,-110.36070251465,-1,
R_2Sqo9gKBHIFAaKO,Default Response Set,Anonymous,,,98.146.230.165,0,2016-05-16 11:00:25,2016-05-16 11:07:02,1,6447554,1,1,,1,1,,3,,47.718002319336,-116.95159912109,-1,
R_tW1STFxIzbdzYpX,Default Response Set,Anonymous,,,66.76.242.59,0,2016-05-16 11:05:06,2016-05-16 11:07:15,1,4278076,1,1,2,,2,,3,,30.567001342773,-96.283699035645,-1,
R_yKECj3o5bpkJWuJ,Default Response Set,Anonymous,,,174.53.4.82,0,2016-05-16 11:05:19,2016-05-16 11:07:51,1,8996729,1,1,,2,,2,3,,34.85009765625,-92.326400756836,-1,
R_Uot3RJY0TV7Wb7P,Default Response Set,Anonymous,,,72.51.89.31,0,2016-05-16 11:02:47,2016-05-16 11:08:13,1,9361247,1,1,2,,1,,2,Thank you for letting me complete this survey I really appreciated I'm not sure if I did right but I did my best please forgive me for a tiny errors .,13.13330078125,-61.216697692871,-1,
R_Bs6V5LtHcBSde13,Default Response Set,Anonymous,,,207.254.174.84,0,2016-05-16 11:06:10,2016-05-16 11:08:32,1,3508306,1,1,,2,,2,3,,37.499801635742,-94.891502380371,-1,
R_6s205lgw9MRXf6d,Default Response Set,Anonymous,,,50.153.245.151,0,2016-05-16 11:08:07,2016-05-16 11:08:54,1,8304095,1,1,1,,,2,3,Thanks! ,38.935394287109,-77.028396606445,-1,
R_sG3KpXZWKKyB961,Default Response Set,Anonymous,,,172.112.8.146,0,2016-05-16 11:06:31,2016-05-16 11:08:57,1,8703267,1,1,,2,1,,1,No additional comments at this time.,34.252105712891,-118.78430175781,-1,
R_3JrfQdHoKjQGugJ,Default Response Set,Anonymous,,,24.38.192.5,0,2016-05-16 11:02:12,2016-05-16 11:09:03,1,2947470,1,1,,2,2,,3,,41.139602661133,-73.405601501465,-1,
R_1OSKSMNiIFc3btl,Default Response Set,Anonymous,,,73.200.45.110,0,2016-05-16 11:07:58,2016-05-16 11:09:03,1,7833454,1,1,2,,,2,2,hit the wrong answer on the last question -_- sorry bout that,38.667999267578,-75.397300720215,-1,
R_1IWoVAulsfcfAqk,Default Response Set,Anonymous,,,72.208.193.156,0,2016-05-16 11:09:31,2016-05-16 11:10:01,1,1274516,1,1,,2,,2,3,,33.320098876953,-111.87390136719,-1,
R_25tGRkWQvRypdD4,Default Response Set,Anonymous,,,189.254.243.8,0,2016-05-16 11:08:34,2016-05-16 11:10:59,1,2356381,1,1,,2,,2,1,,21.844192504883,-102.32250213623,-1,
R_1LnRQjau9pjECRf,Default Response Set,Anonymous,,,172.56.11.199,0,2016-05-16 11:08:34,2016-05-16 11:11:00,1,6772887,1,1,2,,1,,3,None,42.328399658203,-83.055397033691,-1,
R_3iRcago8d9fjN9j,Default Response Set,Anonymous,,,67.253.157.3,0,2016-05-16 11:10:18,2016-05-16 11:11:48,1,2891792,1,1,,2,,1,3,,42.740097045898,-78.16480255127,-1,
R_2EnwIwuNvK5IBpw,Default Response Set,Anonymous,,,50.4.106.43,0,2016-05-16 11:10:45,2016-05-16 11:11:56,1,3636091,1,1,1,,2,,3,,42.600494384766,-83.119598388672,-1,
R_SWgpZthR49Lm1Ql,Default Response Set,Anonymous,,,189.254.243.8,0,2016-05-16 11:11:19,2016-05-16 11:11:57,1,1853596,1,1,2,,2,,3,,21.844192504883,-102.32250213623,-1,
R_3ke89QrvlEN1kHQ,Default Response Set,Anonymous,,,75.164.194.184,0,2016-05-16 10:52:06,2016-05-16 11:12:18,1,4860742,1,1,,2,,2,3,,45.440704345703,-122.61569976807,-1,
R_UiuPL9O2Kfq304N,Default Response Set,Anonymous,,,68.50.32.27,0,2016-05-16 11:05:34,2016-05-16 11:12:38,1,5075287,1,1,,2,,2,3,none,38.861999511719,-86.471099853516,-1,
R_0wGbx2Ny9HKJ9fP,Default Response Set,Anonymous,,,71.10.169.166,0,2016-05-16 11:09:57,2016-05-16 11:13:05,1,8081562,1,1,2,,1,,3,,38.742202758789,-90.25789642334,-1,
R_2RRfKSPjmPeMg7M,Default Response Set,Anonymous,,,24.177.1.15,0,2016-05-16 11:09:36,2016-05-16 11:13:30,1,1926254,1,1,1,,,2,3,Interesting survey.,41.626693725586,-72.245796203613,-1,
R_3LbTJtxHwZMHSn7,Default Response Set,Anonymous,,,73.205.71.146,0,2016-05-16 11:12:55,2016-05-16 11:13:52,1,4915821,1,1,,2,1,,3,,25.76579284668,-80.234901428223,-1,
R_2Xil09HgGSQalgl,Default Response Set,Anonymous,,,76.123.242.207,0,2016-05-16 11:11:32,2016-05-16 11:14:23,1,1497380,1,1,,2,1,,3,None,35.929794311523,-86.460502624512,-1,
R_3EZ3h8rzVtKcAMo,Default Response Set,Anonymous,,,173.217.133.158,0,2016-05-16 11:14:07,2016-05-16 11:14:37,1,1393536,1,1,2,,,2,3,,31.28840637207,-92.388000488281,-1,
R_3dFKfk7SCUP1n4K,Default Response Set,Anonymous,,,67.171.185.176,0,2016-05-16 11:09:58,2016-05-16 11:15:19,1,6546556,1,1,,2,1,,3,,45.498001098633,-122.77839660645,-1,
R_25Fyy0gvfMqpmSq,Default Response Set,Anonymous,,,50.240.86.58,0,2016-05-16 11:14:44,2016-05-16 11:15:22,1,8606631,1,1,1,,2,,3,"None, thank you.",37.59489440918,-77.575698852539,-1,
R_C48A4ByrVmEuXjX,Default Response Set,Anonymous,,,136.61.35.204,0,2016-05-16 11:12:54,2016-05-16 11:15:22,1,3378659,1,1,,2,2,,3,,39.014205932617,-94.595100402832,-1,
R_1OoDgdtRvCc4aKO,Default Response Set,Anonymous,,,32.218.34.143,0,2016-05-16 11:08:56,2016-05-16 11:15:25,1,1243493,1,1,2,,1,,3,Thank you!,41.352996826172,-73.001800537109,-1,
R_BLBM0MI7nXQjwlP,Default Response Set,Anonymous,,,71.8.112.222,0,2016-05-16 11:06:55,2016-05-16 11:15:33,1,6647399,1,1,,2,2,,3,"Though 7 students receiving $10 gift cards for books and supplies is not a bad idea. There would not be 98 students remaining, there would only be 93 students remaining. ",32.865905761719,-97.217597961426,-1,
R_dheciFbnSw00VTr,Default Response Set,Anonymous,,,108.255.25.112,0,2016-05-16 11:14:45,2016-05-16 11:15:41,1,5331642,1,1,,2,,2,3,fun survey,41.533004760742,-87.889801025391,-1,
R_3eqLTdIbzWlFNVc,Default Response Set,Anonymous,,,63.230.107.26,0,2016-05-16 11:00:31,2016-05-16 11:16:43,1,9278497,1,1,,2,1,,2,,46.925704956055,-96.828598022461,-1,
R_DiyKdSrWZS5KoiR,Default Response Set,Anonymous,,,192.183.4.250,0,2016-05-16 11:15:17,2016-05-16 11:16:51,1,796142,1,1,1,,1,,3,,42.232192993164,-85.773597717285,-1,
R_25yg8WDpXSHKNLj,Default Response Set,Anonymous,,,65.210.105.101,0,2016-05-16 11:16:18,2016-05-16 11:17:30,1,9911429,1,1,,2,,1,3,,38.934494018555,-77.059600830078,-1,
R_qC0syOKsTAUqFYR,Default Response Set,Anonymous,,,98.233.193.101,0,2016-05-16 11:17:06,2016-05-16 11:17:31,1,2513788,1,1,1,,1,,3,,38.837799072266,-77.000900268555,-1,
R_3068MBulRFmIsog,Default Response Set,Anonymous,,,50.30.114.40,0,2016-05-16 11:16:57,2016-05-16 11:18:09,1,8524463,1,1,2,,2,,1,,36.873596191406,-86.874900817871,-1,
R_3qsyXhZiFaysVd1,Default Response Set,Anonymous,,,73.130.22.134,0,2016-05-16 11:16:49,2016-05-16 11:18:40,1,8058344,1,1,,2,1,,3,,40.291793823242,-77.002197265625,-1,
R_24iWUcbaZhd9nNL,Default Response Set,Anonymous,,,108.73.39.136,0,2016-05-16 11:16:53,2016-05-16 11:19:05,1,8421314,1,1,2,,,2,3,,29.275894165039,-94.831100463867,-1,
R_1S45cTJapGq1s1b,Default Response Set,Anonymous,,,65.32.209.98,0,2016-05-16 11:15:47,2016-05-16 11:19:32,1,6978344,1,1,,2,2,,3,,28.764694213867,-82.377098083496,-1,
R_pnNdKFykuQC2aZj,Default Response Set,Anonymous,,,24.165.155.59,0,2016-05-16 11:19:15,2016-05-16 11:19:34,1,8922583,1,1,,1,2,,3,,42.095199584961,-80.092796325684,-1,
R_3pncNiIEICdc9ij,Default Response Set,Anonymous,,,71.173.6.215,0,2016-05-16 11:18:01,2016-05-16 11:20:13,1,6905514,1,1,2,,2,,3,,40.939498901367,-75.969497680664,-1,
R_1LO7S5HIg6aFpY1,Default Response Set,Anonymous,,,76.125.163.190,0,2016-05-16 11:19:24,2016-05-16 11:20:51,1,2026934,1,1,,1,2,,3,,40.335601806641,-79.55069732666,-1,
R_3Gq3Nro3CKO7gKy,Default Response Set,Anonymous,,,74.131.157.175,0,2016-05-16 11:18:57,2016-05-16 11:20:51,1,1105302,1,1,2,,,1,3,,38.144195556641,-85.693199157715,-1,
R_1EZN4KScuSqL4oE,Default Response Set,Anonymous,,,76.125.163.190,0,2016-05-16 11:19:23,2016-05-16 11:20:53,1,3589021,1,1,1,,,1,3,,40.335601806641,-79.55069732666,-1,
R_aa4KOcUe7UmVgUF,Default Response Set,Anonymous,,,73.246.98.161,0,2016-05-16 11:20:23,2016-05-16 11:21:41,1,6280022,1,1,,2,,2,3,none,41.946304321289,-87.812698364258,-1,
R_3hteF8oN6gBKSF0,Default Response Set,Anonymous,,,76.125.163.190,0,2016-05-16 11:19:25,2016-05-16 11:21:47,1,7176870,1,1,1,,,2,3,,40.335601806641,-79.55069732666,-1,
R_27BZJZbl02tmZ7A,Default Response Set,Anonymous,,,98.110.113.104,0,2016-05-16 11:11:01,2016-05-16 11:21:53,1,1596591,1,1,2,,,1,3,,39.874099731445,-74.80899810791,-1,
R_241ctoPgng4a0jP,Default Response Set,Anonymous,,,73.182.13.108,0,2016-05-16 11:18:44,2016-05-16 11:21:54,1,8498919,1,1,,2,,2,3,none,32.095703125,-81.25309753418,-1,
R_cxbRfQzDchdFqJr,Default Response Set,Anonymous,,,206.201.77.121,0,2016-05-16 11:21:33,2016-05-16 11:22:12,1,4572251,1,1,,1,,2,3,,30.33219909668,-81.655601501465,-1,
R_1hQj4wDPh9EuOXX,Default Response Set,Anonymous,,,96.36.91.56,0,2016-05-16 11:21:08,2016-05-16 11:22:22,1,8580822,1,1,,2,,2,3,,36.827896118164,-76.480003356934,-1,
R_1gTIMPBJGY3JyLW,Default Response Set,Anonymous,,,205.156.84.229,0,2016-05-16 11:22:48,2016-05-16 11:23:26,1,8500187,1,1,2,,2,,3,,40.714294433594,-74.005996704102,-1,
R_0JtTeFWXcfKecNP,Default Response Set,Anonymous,,,173.240.195.233,0,2016-05-16 11:22:16,2016-05-16 11:23:35,1,2179977,1,1,2,,2,,3,,41.563507080078,-93.784202575684,-1,
R_1jVcMCUClMKEoBS,Default Response Set,Anonymous,,,104.174.223.0,0,2016-05-16 11:24:11,2016-05-16 11:25:18,1,3523712,1,1,,2,,2,3,,34.097396850586,-117.90730285645,-1,
R_1oGsYYDPYdjcLTG,Default Response Set,Anonymous,,,208.67.168.72,0,2016-05-16 11:26:45,2016-05-16 11:27:02,1,8991420,1,1,2,,,2,3,,45.526306152344,-73.664901733398,-1,
R_cYgOPZmEy0ntdkZ,Default Response Set,Anonymous,,,75.66.20.43,0,2016-05-16 11:25:22,2016-05-16 11:27:37,1,4836080,1,1,,2,2,,3,I liked the choices they made me think.,32.367095947266,-90.358596801758,-1,
R_eWhx0dl2KvIUkCJ,Default Response Set,Anonymous,,,68.99.135.59,0,2016-05-16 11:27:10,2016-05-16 11:27:54,1,6982309,1,1,2,,,2,3,,33.352798461914,-111.78900146484,-1,
R_AagdD5MR4ZRMvO9,Default Response Set,Anonymous,,,206.248.54.44,0,2016-05-16 11:25:50,2016-05-16 11:28:06,1,1556293,1,1,,2,2,,3,nothing to add,31.99690246582,-97.137397766113,-1,
R_sI540u0PTOUM1Cp,Default Response Set,Anonymous,,,72.193.46.230,0,2016-05-16 11:25:59,2016-05-16 11:28:41,1,3833248,1,1,1,,1,,3,I thought only 100 students entered. In the second question it was stated that 7 students would receive a $10 gift card and 98 students would receive nothing. / Otherwise everything was all good.,36.234893798828,-115.29049682617,-1,
R_3RxCsoHWP0YeABF,Default Response Set,Anonymous,,,70.194.3.62,0,2016-05-16 11:28:09,2016-05-16 11:30:34,1,5866187,1,1,,2,,1,3,,42.785293579102,-83.586402893066,-1,
R_vSpmx3qw9E7jcFr,Default Response Set,Anonymous,,,67.232.65.128,0,2016-05-16 11:28:34,2016-05-16 11:30:56,1,4212364,1,1,,2,,2,3,None at this time.,45.706405639648,-121.7234954834,-1,
R_egId1bNBt9jTsjL,Default Response Set,Anonymous,,,164.119.71.232,0,2016-05-16 11:32:30,2016-05-16 11:32:56,1,2181663,1,1,2,,1,,3,,41.176498413086,-96.061302185059,-1,
R_2V3ds8PsjPF8fi3,Default Response Set,Anonymous,,,73.23.176.112,0,2016-05-16 11:32:13,2016-05-16 11:33:21,1,6207771,1,1,,2,2,,3,,26.152603149414,-81.736396789551,-1,
R_3JrrwUwjPE4kHRi,Default Response Set,Anonymous,,,134.29.67.240,0,2016-05-16 11:32:06,2016-05-16 11:34:39,1,747532,1,1,1,,,2,3,,44.130798339844,-94,-1,
R_28TdbJLjgDjBxWj,Default Response Set,Anonymous,,,108.90.121.212,0,2016-05-16 11:34:12,2016-05-16 11:35:47,1,3318064,1,1,1,,,2,3,,34.067398071289,-118.24229431152,-1,
R_26eSQ8T2oVY3qDr,Default Response Set,Anonymous,,,98.101.111.14,0,2016-05-16 11:38:34,2016-05-16 11:39:16,1,3377862,1,1,2,,1,,2,,36.117202758789,-80.076499938965,-1,
R_wOfNcOgtFR0NNoB,Default Response Set,Anonymous,,,142.196.78.188,0,2016-05-16 11:35:26,2016-05-16 11:40:50,1,3808736,1,1,,2,,2,3,,28.830093383789,-81.361801147461,-1,
R_00zlhEMyUGWO6qt,Default Response Set,Anonymous,,,108.225.54.116,0,2016-05-16 11:40:18,2016-05-16 11:42:53,1,7981091,1,1,,2,,2,2,,34.28630065918,-119.2266998291,-1,
R_1I49bMnLlKVVpUZ,Default Response Set,Anonymous,,,208.54.80.139,0,2016-05-16 11:43:00,2016-05-16 11:44:16,1,2526787,1,1,2,,1,,3,,41.844604492188,-87.717102050781,-1,
R_vIHDvwKAk2kDltL,Default Response Set,Anonymous,,,97.95.165.242,0,2016-05-16 11:43:21,2016-05-16 11:45:23,1,7770404,1,1,,2,,1,3,"For the first prize package, all of the students can benefit from that amount of money, but for the second package, 70$ for everyone isn't really enough to buy anything, so I felt that a few people greatly benefitting were better off than everyone getting something.",43.705307006836,-84.237701416016,-1,
R_2XiXAxlTdWNbcVC,Default Response Set,Anonymous,,,75.67.127.134,0,2016-05-16 11:42:51,2016-05-16 11:45:31,1,828750,1,1,2,,,1,3,,41.873397827148,-70.63939666748,-1,
R_2vddxVQw59aApA3,Default Response Set,Anonymous,,,174.104.13.169,0,2016-05-16 11:44:45,2016-05-16 11:45:45,1,2324651,1,1,2,,2,,3,,37.751007080078,-97.821998596191,-1,
R_1GBSIAMlpSpIMR1,Default Response Set,Anonymous,,,24.213.116.145,0,2016-05-16 11:46:24,2016-05-16 11:47:16,1,8117149,1,1,,2,1,,3,Best of luck with your research!,34.73649597168,-82.796699523926,-1,
R_tKagnVRA05PUQnv,Default Response Set,Anonymous,,,172.56.28.243,0,2016-05-16 11:46:19,2016-05-16 11:47:18,1,4407678,1,1,,2,2,,3,,39.951400756836,-75.158203125,-1,
R_2rBLMpUHMsbVAvf,Default Response Set,Anonymous,,,208.81.195.196,0,2016-05-16 11:46:21,2016-05-16 11:47:38,1,1561367,1,1,2,,2,,3,,42.473907470703,-91.887001037598,-1,
R_yIo0GyTW0MWJ4t3,Default Response Set,Anonymous,,,107.9.23.140,0,2016-05-16 11:46:03,2016-05-16 11:47:53,1,4266999,1,1,,2,1,,3,Not as difficult as I had anticipated. ,39.428497314453,-84.648696899414,-1,
R_1Cpe5xuFKgP8HhC,Default Response Set,Anonymous,,,108.47.225.5,0,2016-05-16 11:45:00,2016-05-16 11:48:41,1,6620063,1,1,,2,1,,3,The math doesn't work too well does it?,34.085205078125,-117.88780212402,-1,
R_3DkjFqe3KzVSBWr,Default Response Set,Anonymous,,,97.125.116.187,0,2016-05-16 11:47:27,2016-05-16 11:49:07,1,1341284,1,1,1,,,2,3,,44.069000244141,-123.08250427246,-1,
R_2CDgH1IslqqmfoS,Default Response Set,Anonymous,,,108.9.177.30,0,2016-05-16 11:47:14,2016-05-16 11:50:32,1,4290681,1,1,,2,,2,3,,27.385299682617,-82.63680267334,-1,
R_2urmHEoeSu6RP5Q,Default Response Set,Anonymous,,,69.136.236.240,0,2016-05-16 11:53:18,2016-05-16 11:54:45,1,5217920,1,1,,2,1,,3,Thank you!,39.052597045898,-77.121002197266,-1,
R_SBR0JsclXzwc8b7,Default Response Set,Anonymous,,,199.127.68.179,0,2016-05-16 11:54:37,2016-05-16 11:55:00,1,9392544,1,1,1,,,2,3,,37.253295898438,-113.28469848633,-1,
R_1HpZ8eiqyjUXU6T,Default Response Set,Anonymous,,,65.186.193.7,0,2016-05-16 11:54:25,2016-05-16 11:55:35,1,4432406,1,1,2,,,2,3,,40.041900634766,-82.961402893066,-1,
R_1jZdnzCmUG2hpYw,Default Response Set,Anonymous,,,173.217.107.69,0,2016-05-16 11:55:58,2016-05-16 11:56:32,1,7408751,1,1,,2,,2,3,,32.708099365234,-93.277900695801,-1,
R_5BC0JdVWc4c1xvT,Default Response Set,Anonymous,,,100.12.173.143,0,2016-05-16 11:53:33,2016-05-16 11:58:10,1,5738721,1,1,,2,2,,3,Interesting survey,40.724792480469,-73.911499023438,-1,
R_2Y5oUQzYbenLjOk,Default Response Set,Anonymous,,,74.119.60.80,0,2016-05-16 11:57:57,2016-05-16 12:00:53,1,7751218,1,1,,2,1,,3,,39.089202880859,-77.183502197266,-1,
R_2z7LT6K0pnuniSB,Default Response Set,Anonymous,,,207.183.177.26,0,2016-05-16 12:00:38,2016-05-16 12:01:30,1,4504151,1,1,2,,1,,3,,42.982696533203,-110.94930267334,-1,
R_12zIF0VWZ3D7fKd,Default Response Set,Anonymous,,,96.57.123.18,0,2016-05-16 12:01:05,2016-05-16 12:02:28,1,3548819,1,1,,2,2,,3,none,40.642807006836,-74.442199707031,-1,
R_3nPghKudtfD6Eke,Default Response Set,Anonymous,,,198.7.242.79,0,2016-05-16 12:03:38,2016-05-16 12:06:27,1,7337704,1,1,,2,,2,3,thank you,41.81950378418,-71.410697937012,-1,
R_8nZ1gcmq9ZYzJPv,Default Response Set,Anonymous,,,72.69.125.218,0,2016-05-16 12:04:34,2016-05-16 12:06:40,1,1337567,1,1,,2,,1,2,,40.638397216797,-73.666702270508,-1,
R_bHQYMfihX0u479H,Default Response Set,Anonymous,,,72.69.125.218,0,2016-05-16 12:06:51,2016-05-16 12:07:08,1,5013017,1,1,,2,,1,3,,40.638397216797,-73.666702270508,-1,
R_396HHJ0rqsUk6MV,Default Response Set,Anonymous,,,67.160.180.163,0,2016-05-16 12:08:03,2016-05-16 12:10:15,1,2605296,1,1,,2,2,,3,,45.671295166016,-122.66040039062,-1,
R_2ZHUaJ3G03y38p2,Default Response Set,Anonymous,,,172.13.4.132,0,2016-05-16 12:09:10,2016-05-16 12:10:23,1,1525494,1,1,2,,1,,2,,39.02409362793,-94.671401977539,-1,
R_0GSlCwcXDMgSM01,Default Response Set,Anonymous,,,72.201.200.179,0,2016-05-16 12:11:34,2016-05-16 12:12:02,1,1763526,1,1,,1,2,,3,,33.769393920898,-112.24819946289,-1,
R_3GivXWxNbqjzJm2,Default Response Set,Anonymous,,,172.75.209.161,0,2016-05-16 12:10:06,2016-05-16 12:12:49,1,3431727,1,1,,2,,2,3,,34.119201660156,-80.862998962402,-1,
R_2ZPOd94VGcS3SKR,Default Response Set,Anonymous,,,66.76.245.61,0,2016-05-16 12:12:28,2016-05-16 12:14:12,1,3047187,1,1,1,,2,,3,I think this was fun and interesting.  Thank you!,36.075103759766,-97.031196594238,-1,
R_3Gy2IY2jW93eJsD,Default Response Set,Anonymous,,,69.250.38.25,0,2016-05-16 12:17:50,2016-05-16 12:18:53,1,8233989,1,1,,2,2,,3,,38.811492919922,-77.12850189209,-1,
R_4Zx2zlUogo0AkWl,Default Response Set,Anonymous,,,128.205.162.132,0,2016-05-16 12:17:18,2016-05-16 12:19:09,1,8251446,1,1,,2,,2,3,No concerns,42.768402099609,-78.887100219727,-1,
R_5zke9qLRYxQRdSh,Default Response Set,Anonymous,,,66.87.83.68,0,2016-05-16 12:18:24,2016-05-16 12:20:06,1,2690221,1,1,2,,,2,2,,39.264205932617,-76.589401245117,-1,
R_3vNb4lGC7c5wfqV,Default Response Set,Anonymous,,,130.47.240.44,0,2016-05-16 12:18:56,2016-05-16 12:20:19,1,8624598,1,1,2,,1,,3,,43.074996948242,-89.459297180176,-1,
R_vUXyuvRTDXNs1lD,Default Response Set,Anonymous,,,97.85.135.141,0,2016-05-16 12:18:24,2016-05-16 12:20:48,1,5711576,1,1,1,,2,,3,,38.8125,-90.35009765625,-1,
R_e9jXjb2H8p2t7vr,Default Response Set,Anonymous,,,206.176.21.29,0,2016-05-16 12:20:12,2016-05-16 12:21:22,1,2710765,1,1,,2,,1,3,,45.481903076172,-98.506401062012,-1,
R_2asHBDRO8MYSocB,Default Response Set,Anonymous,,,73.23.162.88,0,2016-05-16 12:18:49,2016-05-16 12:22:19,1,2672704,1,1,,2,,2,3,Even distribution was the fairest in these questions. ,26.37109375,-81.773300170898,-1,
R_1dihnWIqlvDH5FQ,Default Response Set,Anonymous,,,68.38.254.163,0,2016-05-16 12:22:00,2016-05-16 12:23:29,1,4396144,1,1,,2,2,,3,,40.236892700195,-85.467903137207,-1,
R_2WVgUyJob66xrtT,Default Response Set,Anonymous,,,71.230.37.237,0,2016-05-16 12:25:01,2016-05-16 12:26:14,1,6861498,1,1,2,,,2,3,,39.989303588867,-75.611999511719,-1,
R_upKwcrObboQ0Hlf,Default Response Set,Anonymous,,,32.209.57.48,0,2016-05-16 12:22:22,2016-05-16 12:26:22,1,4811176,1,1,1,,1,,2,"I was confused about the attention check question. I know it said ""the third option from the top"", but I did not know if that meant that you wanted me to start from the top and count three down from there, or start at the bottom and count towards the top. Sorry for the inconvenience! I did pay attention; I was just confused on the wording.  ",41.343307495117,-73.065399169922,-1,
R_124ocBXWV9T13Sn,Default Response Set,Anonymous,,,96.57.65.98,0,2016-05-16 12:25:16,2016-05-16 12:26:49,1,1534317,1,1,1,,1,,2,,40.873199462891,-73.081199645996,-1,
R_rcgjd3vLc9aPwyJ,Default Response Set,Anonymous,,,174.99.68.173,0,2016-05-16 12:24:06,2016-05-16 12:26:51,1,7216499,1,1,,2,1,,3,,35.946594238281,-78.797698974609,-1,
R_3oNH7Z7vHu5cB6C,Default Response Set,Anonymous,,,71.207.140.172,0,2016-05-16 12:24:58,2016-05-16 12:27:58,1,5700767,1,1,1,,,2,3,,37.129806518555,-77.403396606445,-1,
R_1gecMHfocXXI771,Default Response Set,Anonymous,,,206.29.176.53,0,2016-05-16 12:29:26,2016-05-16 12:30:00,1,1264011,1,1,,2,,2,3,,37.751007080078,-97.821998596191,-1,
R_3exnm7TELWzgXQb,Default Response Set,Anonymous,,,24.99.182.181,0,2016-05-16 12:29:08,2016-05-16 12:31:48,1,2509817,1,1,2,,,2,3,,34.119003295898,-84.447700500488,-1,
R_2lc1TM8eRLVJn5T,Default Response Set,Anonymous,,,75.112.251.153,0,2016-05-16 12:30:21,2016-05-16 12:32:23,1,789935,1,1,,2,,1,3,,39.728393554688,-86.069000244141,-1,
R_1o4Q9GEMpEkAWoa,Default Response Set,Anonymous,,,75.121.222.14,0,2016-05-16 12:31:03,2016-05-16 12:32:37,1,7059939,1,1,2,,2,,3,,47.37109375,-122.71530151367,-1,
R_3J9Sxde0ypHQ831,Default Response Set,Anonymous,,,98.186.176.51,0,2016-05-16 12:31:46,2016-05-16 12:33:14,1,4867023,1,1,,2,,1,2,,37.61279296875,-97.366401672363,-1,
R_1hXqnQLEhgxuNe5,Default Response Set,Anonymous,,,98.80.219.18,0,2016-05-16 12:32:13,2016-05-16 12:34:05,1,6772656,1,1,2,,,2,3,,32.829299926758,-83.492797851562,-1,
R_2VkJytrYv9VU2Sq,Default Response Set,Anonymous,,,63.151.141.158,0,2016-05-16 12:32:09,2016-05-16 12:34:06,1,7007118,1,1,,2,1,,3,,36.635498046875,-88.282997131348,-1,
R_1lxAnl4GVt8tN4l,Default Response Set,Anonymous,,,71.167.153.216,0,2016-05-16 12:35:15,2016-05-16 12:36:46,1,7206951,1,1,,2,,2,3,,40.589996337891,-73.644599914551,-1,
R_2TI93a3sg7O7Man,Default Response Set,Anonymous,,,24.179.37.242,0,2016-05-16 12:35:51,2016-05-16 12:37:51,1,1335819,1,1,2,,,1,3,,32.906097412109,-85.936996459961,-1,
R_3Q0clnVE59v8wcp,Default Response Set,Anonymous,,,98.80.219.18,0,2016-05-16 12:38:50,2016-05-16 12:40:58,1,2639812,1,1,1,,1,,3,No additional comments about the survey at this time.,32.829299926758,-83.492797851562,-1,
R_2a8fw1HB4giEiDx,Default Response Set,Anonymous,,,68.190.128.37,0,2016-05-16 12:40:08,2016-05-16 12:40:59,1,5959881,1,1,,1,,1,1,,45.523300170898,-91.699897766113,-1,
R_2frnWg4IvCy2fdb,Default Response Set,Anonymous,,,68.48.128.139,0,2016-05-16 12:58:10,2016-05-16 13:00:15,1,1468358,1,1,1,,1,,3,,42.988800048828,-85.46410369873,-1,
R_1173UC7GGE9Cd5i,Default Response Set,Anonymous,,,162.216.46.125,0,2016-05-16 13:02:42,2016-05-16 13:03:14,1,4534082,1,1,,1,2,,3,N/A,33.036193847656,-96.671203613281,-1,
R_1MquyEQw1u3l8lj,Default Response Set,Anonymous,,,71.51.26.97,0,2016-05-16 13:18:17,2016-05-16 13:20:41,1,4116369,1,1,2,,,2,3,none,37.987594604492,-78.608596801758,-1,
R_CeM1xKsgwDwjzC9,Default Response Set,Anonymous,,,70.95.79.157,0,2016-05-16 13:19:56,2016-05-16 13:22:13,1,8568117,1,1,,2,,1,3,,32.957000732422,-117.19789886475,-1,
R_3fdjqbUD4XlW8AK,Default Response Set,Anonymous,,,68.197.203.169,0,2016-05-16 13:29:39,2016-05-16 13:30:38,1,2482021,1,1,,1,1,,3,,41.25439453125,-74.040298461914,-1,
R_2chL4gPohTStsYF,Default Response Set,Anonymous,,,73.205.68.46,0,2016-05-16 13:45:49,2016-05-16 13:48:08,1,3020342,1,1,2,,,2,3,,27.296493530273,-80.291999816895,-1,
R_egS9hDudBtV87Ad,Default Response Set,Anonymous,,,104.178.14.87,0,2016-05-15 16:15:14,2016-05-15 16:15:48,0,8221616,1,1,,,,,,,,,-1,
R_elpKQHiP38DVHA5,Default Response Set,Anonymous,,,216.14.178.242,0,2016-05-16 11:03:45,2016-05-16 11:05:14,0,1168028,1,1,1,,,1,2,,,,-1,
R_1Qa28Ab3TAbs5fT,Default Response Set,Anonymous,,,50.240.86.58,0,2016-05-16 11:12:54,2016-05-16 11:14:38,0,1176124,1,1,,2,,2,2,,,,-1,
R_wNuBAOSCvqk5w0V,Default Response Set,Anonymous,,,128.12.244.5,0,2016-05-15 11:06:18,2016-05-16 11:21:24,0,,1,1,,,,,,,,,-1,
R_2QnPcdv1n91PedI,Default Response Set,Anonymous,,,67.187.65.41,0,2016-05-16 12:02:30,2016-05-16 12:05:44,0,358507,1,1,2,,,2,2,,,,-1,
R_2EAIpmQIDNd5cCY,Default Response Set,Anonymous,,,72.201.200.179,0,2016-05-16 12:07:01,2016-05-16 12:11:36,0,8535344,1,1,,1,,2,3,,,,-1,
R_1IY0iIRFHLuNV0q,Default Response Set,Anonymous,,,107.12.107.81,0,2016-05-16 12:30:04,2016-05-16 12:31:54,0,7306156,1,,,,,,,,,,-1,
